lte_name;lte_type;L;K_or_angle;hw_types;n_entries;comment
BPM;MONI;;;(skip);0;
DL1A_1;CSBEND;0.4178279443301234;angle=0.0023391941346895, K1=0;DP_L_PM;1;
DL1A_2;CSBEND;0.4178280841284446;angle=0.0032191941346895, K1=0;DP_L_PM;1;
DL1A_3;CSBEND;0.4178282753284344;angle=0.0041391941346895, K1=0;DP_L_PM;1;
DL1A_4;CSBEND;0.4178286423213368;angle=0.0054991941346895, K1=0;DP_L_PM;1;
DL1A_5;CSBEND;0.4178302891796566;angle=0.0094691022946895, K1=0;DP_L_PM;1;
DL1E_1;CSBEND;0.4178279443301234;angle=0.0023391941346895, K1=0;DP_L_PM;1;
DL1E_2;CSBEND;0.4178280841284446;angle=0.0032191941346895, K1=0;DP_L_PM;1;
DL1E_3;CSBEND;0.4178282753284344;angle=0.0041391941346895, K1=0;DP_L_PM;1;
DL1E_4;CSBEND;0.4178286423213368;angle=0.0054991941346895, K1=0;DP_L_PM;1;
DL1E_5;CSBEND;0.4178302891796566;angle=0.0094691022946895, K1=0;DP_L_PM;1;
DL2B_1;CSBEND;0.4178279443301234;angle=0.0023391941346895, K1=0;DP_L_PM;1;
DL2B_2;CSBEND;0.4178280841284446;angle=0.0032191941346895, K1=0;DP_L_PM;1;
DL2B_3;CSBEND;0.4178282753284344;angle=0.0041391941346895, K1=0;DP_L_PM;1;
DL2B_4;CSBEND;0.4178286423213368;angle=0.0054991941346895, K1=0;DP_L_PM;1;
DL2B_5;CSBEND;0.4178294192740687;angle=0.0076291022946895, K1=0;DP_L_PM;1;
DL2D_1;CSBEND;0.4178279443301234;angle=0.0023391941346895, K1=0;DP_L_PM;1;
DL2D_2;CSBEND;0.4178280841284446;angle=0.0032191941346895, K1=0;DP_L_PM;1;
DL2D_3;CSBEND;0.4178282753284344;angle=0.0041391941346895, K1=0;DP_L_PM;1;
DL2D_4;CSBEND;0.4178286423213368;angle=0.0054991941346895, K1=0;DP_L_PM;1;
DL2D_5;CSBEND;0.4178294192740687;angle=0.0076291022946895, K1=0;DP_L_PM;1;
DMB;EDRIFT;0.0705;;(skip);0;
DQ1B;CSBEND;1.0;angle=0.0247680586728496, K1=-1.960219550894432;DQ_I1_1A|DQ_I2_1A|DQ_I3_1A;3;
DQ1D;CSBEND;1.0;angle=0.0247680586728496, K1=-1.960219550894432;DQ_I1_1A|DQ_I2_1A|DQ_I3_1A;3;
DQ2C_1;CSBEND;0.4000010270435126;angle=0.00523006, K1=-1.558437304101693;DQ_I1_1A|DQ_I2_1A|DQ_I3_1A;3;
DQ2C_2;CSBEND;0.4000010270435126;angle=0.00523006, K1=-1.558437304101693;DQ_I1_1A|DQ_I2_1A|DQ_I3_1A;3;
DR_01_0P900;EDRIFT;0.9866764273798962;;(skip);0;
DR_01_2P651;EDRIFT;2.738076427379896;;(skip);0;
DR_02I;EDRIFT;1.035444954657576;;(skip);0;
DR_02_001;EDRIFT;0.051;;(skip);0;
DR_03;EDRIFT;0.11;;(skip);0;
DR_03I;EDRIFT;0.051;;(skip);0;
DR_03J;EDRIFT;0.051;;(skip);0;
DR_04;EDRIFT;0.23;;(skip);0;
DR_04I;EDRIFT;0.031;;(skip);0;
DR_04J;EDRIFT;0.031;;(skip);0;
DR_05;EDRIFT;0.047;;(skip);0;
DR_05I;EDRIFT;0.149;;(skip);0;
DR_05J;EDRIFT;0.149;;(skip);0;
DR_06;EDRIFT;0.047;;(skip);0;
DR_06I;EDRIFT;0.047;;(skip);0;
DR_06J;EDRIFT;0.047;;(skip);0;
DR_07;EDRIFT;0.075;;(skip);0;
DR_07I;EDRIFT;0.127;;(skip);0;
DR_07J;EDRIFT;0.127;;(skip);0;
DR_08;EDRIFT;0.5448534346120294;;(skip);0;
DR_08I;EDRIFT;0.047;;(skip);0;
DR_08J;EDRIFT;0.047;;(skip);0;
DR_09;EDRIFT;0.056;;(skip);0;
DR_09I;EDRIFT;0.047;;(skip);0;
DR_09J;EDRIFT;0.047;;(skip);0;
DR_10;EDRIFT;0.075;;(skip);0;
DR_10I;EDRIFT;0.075;;(skip);0;
DR_10J;EDRIFT;0.075;;(skip);0;
DR_11;EDRIFT;0.075;;(skip);0;
DR_11I_;EDRIFT;0.0798738313376863;;(skip);0;
DR_11J;EDRIFT;0.0798738313376863;;(skip);0;
DR_12;EDRIFT;0.06;;(skip);0;
DR_12I;EDRIFT;0.025;;(skip);0;
DR_12J;EDRIFT;0.025;;(skip);0;
DR_13;EDRIFT;0.056;;(skip);0;
DR_14;EDRIFT;0.3948534313376864;;(skip);0;
DR_15;EDRIFT;0.075;;(skip);0;
DR_16;EDRIFT;0.047;;(skip);0;
DR_17;EDRIFT;0.094;;(skip);0;
DR_18;EDRIFT;0.056;;(skip);0;
DR_19;EDRIFT;0.1040182611608271;;(skip);0;
DR_20;EDRIFT;0.1040182611608271;;(skip);0;
DR_21;EDRIFT;0.0710706;;(skip);0;
DR_22;EDRIFT;0.037;;(skip);0;
DR_23;EDRIFT;0.056;;(skip);0;
DR_24;EDRIFT;0.056;;(skip);0;
DR_25;EDRIFT;0.2080706;;(skip);0;
DR_26;EDRIFT;0.1040182611608271;;(skip);0;
DR_27;EDRIFT;0.1040182611608271;;(skip);0;
DR_28;EDRIFT;0.056;;(skip);0;
DR_29;EDRIFT;0.094;;(skip);0;
DR_30;EDRIFT;0.047;;(skip);0;
DR_31;EDRIFT;0.075;;(skip);0;
DR_32;EDRIFT;0.3948534313376864;;(skip);0;
DR_33;EDRIFT;0.056;;(skip);0;
DR_34;EDRIFT;0.06;;(skip);0;
DR_35;EDRIFT;0.075;;(skip);0;
DR_36;EDRIFT;0.075;;(skip);0;
DR_37;EDRIFT;0.056;;(skip);0;
DR_38_CT;EDRIFT;0.5448534346120294;;(skip);0;
DR_38_H_SCRAPER;EDRIFT;0.5448534346120294;;(skip);0;
DR_39;EDRIFT;0.075;;(skip);0;
DR_40;EDRIFT;0.047;;(skip);0;
DR_41;EDRIFT;0.047;;(skip);0;
DR_42;EDRIFT;0.23;;(skip);0;
DR_43;EDRIFT;0.11;;(skip);0;
DR_44;EDRIFT;0.051;;(skip);0;
DR_45_2P651;EDRIFT;2.738076427379896;;(skip);0;
DR_99;EDRIFT;0.44;;(skip);0;
JL1A_1;CSBEND;0.4178284773575361;angle=0.0049331757666895, K1=0;DP_L_PM;1;
JL1A_2;CSBEND;0.4178284773575361;angle=0.0049331757666895, K1=0;DP_L_PM;1;
JL1A_3;CSBEND;0.4178284773575361;angle=0.0049331757666895, K1=0;DP_L_PM;1;
JL1A_4;CSBEND;0.4178284773575361;angle=0.0049331757666895, K1=0;DP_L_PM;1;
JL1A_5;CSBEND;0.4178284773575361;angle=0.0049331757666895, K1=0;DP_L_PM;1;
JL1E_1;CSBEND;0.4178284773575361;angle=0.0049331757666895, K1=0;DP_L_PM;1;
JL1E_2;CSBEND;0.4178284773575361;angle=0.0049331757666895, K1=0;DP_L_PM;1;
JL1E_3;CSBEND;0.4178284773575361;angle=0.0049331757666895, K1=0;DP_L_PM;1;
JL1E_4;CSBEND;0.4178284773575361;angle=0.0049331757666895, K1=0;DP_L_PM;1;
JL1E_5;CSBEND;0.4178284773575361;angle=0.0049331757666895, K1=0;DP_L_PM;1;
OD1B;KOCT;0.09;K3=-13200.0;OP_1A;1;
OD1D;KOCT;0.09;K3=-13200.0;OP_1A;1;
OJ1B;KOCT;0.09;K3=-13632.0;OP_1A;1;
OJ1D;KOCT;0.09;K3=-13632.0;OP_1A;1;
QD2A;KQUAD;0.162;K1=-2.970346620956298;QP_sh_1A;1;
QD2E;KQUAD;0.162;K1=-2.970346620956298;QP_sh_1A;1;
QD2J;KQUAD;0.212;K1=-1.255104854143336;QP_sh_1A;1;
QD2L;KQUAD;0.162;K1=-2.980093518332267;QP_sh_1A;1;
QD3A;KQUAD;0.212;K1=-2.33434250527587;QP_sh_1A;1;
QD3E;KQUAD;0.212;K1=-2.33434250527587;QP_sh_1A;1;
QD3J;KQUAD;0.295;K1=-2.627719678759729;QP_L_1A;1;
QD3L;KQUAD;0.212;K1=-2.334917305684217;QP_sh_1A;1;
QD5B;KQUAD;0.212;K1=-2.522513601694652;QP_sh_1A;1;
QD5D;KQUAD;0.212;K1=-2.522513601694652;QP_sh_1A;1;
QF1A;KQUAD;0.295;K1=2.462177415336321;QP_L_1A;1;
QF1E;KQUAD;0.295;K1=2.462177415336321;QP_L_1A;1;
QF1J;KQUAD;0.212;K1=1.526537694384322;QP_sh_1A;1;
QF1L;KQUAD;0.295;K1=2.477981995782413;QP_L_1A;1;
QF2J;KQUAD;0.212;K1=2.087762916419854;QP_sh_1A;1;
QF4A;KQUAD;0.212;K1=2.466295505763048;QP_sh_1A;1;
QF4B;KQUAD;0.212;K1=2.466295505763048;QP_sh_1A;1;
QF4D;KQUAD;0.212;K1=2.466295505763048;QP_sh_1A;1;
QF4E;KQUAD;0.212;K1=2.466295505763048;QP_sh_1A;1;
QF4J;KQUAD;0.212;K1=2.533236641777753;QP_sh_1A;1;
QF4L;KQUAD;0.212;K1=2.465928496997126;QP_sh_1A;1;
QF6B;KQUAD;0.3745;K1=4.489764881942396;QP_L_1A;1;
QF6D;KQUAD;0.3745;K1=4.489764881942396;QP_L_1A;1;
QF8B;KQUAD;0.4975;K1=4.581633303364379;QP_L_1A;1;
QF8D;KQUAD;0.4975;K1=4.581633303364379;QP_L_1A;1;
SBM;CSBEND;0.0488588;angle=0.00104994, K1=0;DP_sh_PM;1;
SD1A;KSEXT;0.166;K2=-136.1950802309929;SP_I1_1A|SP_I2_1A;2;
SD1B;KSEXT;0.166;K2=-209.9895951915728;SP_I1_1A|SP_I2_1A;2;
SD1D;KSEXT;0.166;K2=-211.1297316830317;SP_I1_1A|SP_I2_1A;2;
SD1E;KSEXT;0.166;K2=-136.1950802317714;SP_I1_1A|SP_I2_1A;2;
SF2A;KSEXT;0.2;K2=174.395466070655;SP_I1_1A|SP_I2_1A;2;
SF2E;KSEXT;0.2;K2=174.3954660711557;SP_I1_1A|SP_I2_1A;2;
SH1A;KSEXT;0.1;K2=0;corrector_I1_1A|corrector_I2_1A;2;
SH2B;KSEXT;0.1;K2=0;corrector_I1_1A|corrector_I2_1A;2;
SH3E;KSEXT;0.1;K2=0;corrector_I1_1A|corrector_I2_1A;2;
SJ1A;KSEXT;0.166;K2=-138.4272648038526;SP_I1_1A|SP_I2_1A;2;
SJ1B;KSEXT;0.166;K2=-216.2154479417158;SP_I1_1A|SP_I2_1A;2;
SJ1D;KSEXT;0.166;K2=-207.8206896815411;SP_I1_1A|SP_I2_1A;2;
SJ1E;KSEXT;0.166;K2=-142.550212960135;SP_I1_1A|SP_I2_1A;2;
SJ2A;KSEXT;0.2;K2=184.9066850657073;SP_I1_1A|SP_I2_1A;2;
SJ2E;KSEXT;0.2;K2=185.4153976539467;SP_I1_1A|SP_I2_1A;2;
